{
  "schema_version": 2,
  "kind": "failpack_manifest",
  "created_utc": "2026-02-23T20:47:08Z",
  "description": "FailPack suite targeting internal EvidencePacket mutations for evidence contract validation (G_EVIDENCE_CONTRACT_VALIDATE). These cases intentionally keep zip/manifest sidecars consistent to isolate contract-layer failures.",
  "generator": {
    "name": "vf_failpack_materializer",
    "version": "1.0"
  },
  "gatetable": {
    "id": "GateTable.md",
    "version": "vNext",
    "sha256": "4883931b31b83f291627b68475475efe55383fce2335159b0861bf67a3171a05"
  },
  "base_pack": {
    "zip_path": "samples/fixtures/pass_packet_min.zip",
    "zip_sha256": "08a8af1f1264bc922552d43acfe25c106549f22fc7f0fd9ece609f845a94d3d8",
    "zip_sha256_file": "samples/fixtures/pass_packet_min.zip.sha256",
    "manifest_path": "samples/fixtures/pass_packet_min.manifest.json",
    "manifest_sha256": "82f97ecb5c8ec74c924fc28b2971d29a9cf42d5d3ded9a51064c25cd9ce9edba",
    "manifest_sha256_file": "samples/fixtures/pass_packet_min.manifest.sha256",
    "notes": "Baseline PASS EvidencePacket with time-stable trust_root_bundle and packet_id binding."
  },
  "coverage_targets": [
    {
      "target_id": "COV_EC_REQUIRED_FILE_MISSING",
      "required": true,
      "description": "Missing required packet member (decision_record/evidence_packet/sarif).",
      "gate_id": "G_EVIDENCE_CONTRACT_VALIDATE",
      "reason_codes_any": [
        "FAIL_MISSING_INPUT"
      ]
    },
    {
      "target_id": "COV_EC_INVALID_JSON",
      "required": true,
      "description": "Invalid JSON in required packet member.",
      "gate_id": "G_EVIDENCE_CONTRACT_VALIDATE",
      "reason_codes_any": [
        "FAIL_SCHEMA_INVALID"
      ]
    },
    {
      "target_id": "COV_EC_PACKET_ID_BINDING",
      "required": true,
      "description": "packet_id binding to packet.manifest.json must be enforced.",
      "gate_id": "G_EVIDENCE_CONTRACT_VALIDATE",
      "reason_codes_any": [
        "FAIL_POLICY_VIOLATION",
        "FAIL_SCHEMA_INVALID"
      ]
    },
    {
      "target_id": "COV_EC_TRUST_BUNDLE_STALE",
      "required": true,
      "description": "Trust root bundle expiry/staleness must fail closed.",
      "gate_id": "G_EVIDENCE_CONTRACT_VALIDATE",
      "reason_codes_any": [
        "FAIL_TRUST_BUNDLE_STALE"
      ]
    },
    {
      "target_id": "COV_EC_ZIP_SLIP_PATH_TRAVERSAL",
      "required": true,
      "description": "Zip entry path traversal (zip-slip) must fail closed before extraction.",
      "gate_id": "G_EVIDENCE_CONTRACT_VALIDATE",
      "reason_codes_any": [
        "FAIL_POLICY_VIOLATION"
      ]
    }
  ],
  "cases": [
    {
      "case_id": "FP_0101_MISSING_DECISION_RECORD",
      "title": "Missing decision_record.json inside packet",
      "description": "Remove decision_record.json (required by evidence contract).",
      "tier": "min",
      "covers": [
        "COV_EC_REQUIRED_FILE_MISSING"
      ],
      "target_gate_ids": [
        "G_EVIDENCE_CONTRACT_VALIDATE"
      ],
      "mutation": {
        "type": "remove_file",
        "path": "packet/decision_record.json",
        "path_kind": "zip",
        "note": "Remove required member decision_record.json from within the EvidencePacket zip."
      },
      "materialize": {
        "out_dir": "samples/fixtures/failpack_contract/mutations",
        "mutated_zip_path": "samples/fixtures/failpack_contract/mutations/FP_0101_MISSING_DECISION_RECORD.zip",
        "mutated_manifest_path": "samples/fixtures/failpack_contract/mutations/FP_0101_MISSING_DECISION_RECORD.manifest.json"
      },
      "expected": {
        "outcome": "FAIL",
        "expected_exit_code": 2,
        "expected_reason_codes_any": [
          "FAIL_MISSING_INPUT",
          "RC-DECISIONRECORD-SCHEMA-FAIL"
        ],
        "expected_reason_codes_all": []
      }
    },
    {
      "case_id": "FP_0102_DECISION_RECORD_INVALID_JSON",
      "title": "Invalid JSON in decision_record.json",
      "description": "Corrupt decision_record.json so JSON parse fails.",
      "tier": "min",
      "covers": [
        "COV_EC_INVALID_JSON"
      ],
      "target_gate_ids": [
        "G_EVIDENCE_CONTRACT_VALIDATE"
      ],
      "mutation": {
        "type": "replace_file",
        "path": "packet/decision_record.json",
        "path_kind": "zip",
        "note": "Replace decision_record.json bytes with invalid JSON."
      },
      "materialize": {
        "out_dir": "samples/fixtures/failpack_contract/mutations",
        "mutated_zip_path": "samples/fixtures/failpack_contract/mutations/FP_0102_DECISION_RECORD_INVALID_JSON.zip",
        "mutated_manifest_path": "samples/fixtures/failpack_contract/mutations/FP_0102_DECISION_RECORD_INVALID_JSON.manifest.json"
      },
      "expected": {
        "outcome": "FAIL",
        "expected_exit_code": 2,
        "expected_reason_codes_any": [
          "FAIL_SCHEMA_INVALID",
          "RC-DECISIONRECORD-SCHEMA-FAIL"
        ],
        "expected_reason_codes_all": []
      }
    },
    {
      "case_id": "FP_0103_MISSING_EVIDENCE_PACKET_JSON",
      "title": "Missing evidence_packet.json inside packet",
      "description": "Remove evidence_packet.json (required by evidence contract).",
      "tier": "min",
      "covers": [
        "COV_EC_REQUIRED_FILE_MISSING"
      ],
      "target_gate_ids": [
        "G_EVIDENCE_CONTRACT_VALIDATE"
      ],
      "mutation": {
        "type": "remove_file",
        "path": "packet/evidence_packet.json",
        "path_kind": "zip",
        "note": "Remove required member evidence_packet.json from within the EvidencePacket zip."
      },
      "materialize": {
        "out_dir": "samples/fixtures/failpack_contract/mutations",
        "mutated_zip_path": "samples/fixtures/failpack_contract/mutations/FP_0103_MISSING_EVIDENCE_PACKET_JSON.zip",
        "mutated_manifest_path": "samples/fixtures/failpack_contract/mutations/FP_0103_MISSING_EVIDENCE_PACKET_JSON.manifest.json"
      },
      "expected": {
        "outcome": "FAIL",
        "expected_exit_code": 2,
        "expected_reason_codes_any": [
          "FAIL_MISSING_INPUT",
          "RC-E2E-PACKET-DIGEST-MISMATCH"
        ],
        "expected_reason_codes_all": []
      }
    },
    {
      "case_id": "FP_0104_PACKET_ID_MISMATCH",
      "title": "packet_id mismatch vs packet.manifest.json",
      "description": "Change packet.manifest.json bytes without updating evidence_packet.packet_id; must fail-closed.",
      "tier": "min",
      "covers": [
        "COV_EC_PACKET_ID_BINDING"
      ],
      "target_gate_ids": [
        "G_EVIDENCE_CONTRACT_VALIDATE"
      ],
      "mutation": {
        "type": "replace_json_value",
        "path": "packet/packet.manifest.json",
        "path_kind": "zip",
        "json_pointer": "/note",
        "new_value": "tampered_for_packet_id_mismatch",
        "note": "Modify packet.manifest.json without updating evidence_packet.packet_id."
      },
      "materialize": {
        "out_dir": "samples/fixtures/failpack_contract/mutations",
        "mutated_zip_path": "samples/fixtures/failpack_contract/mutations/FP_0104_PACKET_ID_MISMATCH.zip",
        "mutated_manifest_path": "samples/fixtures/failpack_contract/mutations/FP_0104_PACKET_ID_MISMATCH.manifest.json"
      },
      "expected": {
        "outcome": "FAIL",
        "expected_exit_code": 2,
        "expected_reason_codes_any": [
          "FAIL_POLICY_VIOLATION",
          "RC-E2E-PACKET-DIGEST-MISMATCH"
        ],
        "expected_reason_codes_all": []
      }
    },
    {
      "case_id": "FP_0105_MISSING_SARIF_RESULTS",
      "title": "Missing sarif/results.sarif",
      "description": "Remove SARIF results file required by evidence contract.",
      "tier": "min",
      "covers": [
        "COV_EC_REQUIRED_FILE_MISSING"
      ],
      "target_gate_ids": [
        "G_EVIDENCE_CONTRACT_VALIDATE"
      ],
      "mutation": {
        "type": "remove_file",
        "path": "packet/sarif/results.sarif",
        "path_kind": "zip",
        "note": "Remove required SARIF results file from within the EvidencePacket zip."
      },
      "materialize": {
        "out_dir": "samples/fixtures/failpack_contract/mutations",
        "mutated_zip_path": "samples/fixtures/failpack_contract/mutations/FP_0105_MISSING_SARIF_RESULTS.zip",
        "mutated_manifest_path": "samples/fixtures/failpack_contract/mutations/FP_0105_MISSING_SARIF_RESULTS.manifest.json"
      },
      "expected": {
        "outcome": "FAIL",
        "expected_exit_code": 2,
        "expected_reason_codes_any": [
          "FAIL_MISSING_INPUT"
        ],
        "expected_reason_codes_all": []
      }
    },
    {
      "case_id": "FP_0106_TRUST_BUNDLE_EXPIRED",
      "title": "Expired trust_root_bundle.json",
      "description": "Set bundle_expires_utc in the past; must fail-closed.",
      "tier": "min",
      "covers": [
        "COV_EC_TRUST_BUNDLE_STALE"
      ],
      "target_gate_ids": [
        "G_EVIDENCE_CONTRACT_VALIDATE"
      ],
      "mutation": {
        "type": "replace_json_value",
        "path": "packet/trust_root_bundle.json",
        "path_kind": "zip",
        "json_pointer": "/bundle_expires_utc",
        "new_value": "2000-01-01T00:00:00Z",
        "note": "Set trust bundle expiry in the past to force FAIL_TRUST_BUNDLE_STALE."
      },
      "materialize": {
        "out_dir": "samples/fixtures/failpack_contract/mutations",
        "mutated_zip_path": "samples/fixtures/failpack_contract/mutations/FP_0106_TRUST_BUNDLE_EXPIRED.zip",
        "mutated_manifest_path": "samples/fixtures/failpack_contract/mutations/FP_0106_TRUST_BUNDLE_EXPIRED.manifest.json"
      },
      "expected": {
        "outcome": "FAIL",
        "expected_exit_code": 2,
        "expected_reason_codes_any": [
          "FAIL_TRUST_BUNDLE_STALE"
        ],
        "expected_reason_codes_all": []
      }
    },
    {
      "case_id": "FP_0107_EVIDENCE_PACKET_MISSING_PACKET_ID",
      "title": "evidence_packet.json missing packet_id",
      "description": "Remove packet_id field; must fail schema invalid.",
      "tier": "min",
      "covers": [
        "COV_EC_PACKET_ID_BINDING"
      ],
      "target_gate_ids": [
        "G_EVIDENCE_CONTRACT_VALIDATE"
      ],
      "mutation": {
        "type": "replace_json_value",
        "path": "packet/evidence_packet.json",
        "path_kind": "zip",
        "json_pointer": "/packet_id",
        "new_value": null,
        "note": "Delete or null-out packet_id in evidence_packet.json."
      },
      "materialize": {
        "out_dir": "samples/fixtures/failpack_contract/mutations",
        "mutated_zip_path": "samples/fixtures/failpack_contract/mutations/FP_0107_EVIDENCE_PACKET_MISSING_PACKET_ID.zip",
        "mutated_manifest_path": "samples/fixtures/failpack_contract/mutations/FP_0107_EVIDENCE_PACKET_MISSING_PACKET_ID.manifest.json"
      },
      "expected": {
        "outcome": "FAIL",
        "expected_exit_code": 2,
        "expected_reason_codes_any": [
          "FAIL_SCHEMA_INVALID"
        ],
        "expected_reason_codes_all": []
      }
    },
    {
      "case_id": "FP_0108_PACKET_MANIFEST_INVALID_JSON",
      "title": "Invalid JSON in packet.manifest.json",
      "description": "Corrupt packet.manifest.json so JSON parse fails.",
      "tier": "min",
      "covers": [
        "COV_EC_INVALID_JSON"
      ],
      "target_gate_ids": [
        "G_EVIDENCE_CONTRACT_VALIDATE"
      ],
      "mutation": {
        "type": "replace_file",
        "path": "packet/packet.manifest.json",
        "path_kind": "zip",
        "note": "Replace packet.manifest.json bytes with invalid JSON."
      },
      "materialize": {
        "out_dir": "samples/fixtures/failpack_contract/mutations",
        "mutated_zip_path": "samples/fixtures/failpack_contract/mutations/FP_0108_PACKET_MANIFEST_INVALID_JSON.zip",
        "mutated_manifest_path": "samples/fixtures/failpack_contract/mutations/FP_0108_PACKET_MANIFEST_INVALID_JSON.manifest.json"
      },
      "expected": {
        "outcome": "FAIL",
        "expected_exit_code": 2,
        "expected_reason_codes_any": [
          "FAIL_SCHEMA_INVALID"
        ],
        "expected_reason_codes_all": []
      }
    },
    {
      "case_id": "FP_0109_ZIP_SLIP_PATH_TRAVERSAL",
      "title": "Zip-slip path traversal entry inside packet",
      "description": "Add a malicious zip entry (../pwned.txt). Validator must reject before extraction.",
      "tier": "min",
      "covers": [
        "COV_EC_ZIP_SLIP_PATH_TRAVERSAL"
      ],
      "target_gate_ids": [
        "G_EVIDENCE_CONTRACT_VALIDATE"
      ],
      "mutation": {
        "type": "add_file",
        "path": "../pwned.txt",
        "path_kind": "zip",
        "note": "Adds a traversal entry to the EvidencePacket zip."
      },
      "materialize": {
        "out_dir": "samples/fixtures/failpack_contract/mutations",
        "mutated_zip_path": "samples/fixtures/failpack_contract/mutations/FP_0109_ZIP_SLIP_PATH_TRAVERSAL.zip",
        "mutated_manifest_path": "samples/fixtures/failpack_contract/mutations/FP_0109_ZIP_SLIP_PATH_TRAVERSAL.manifest.json"
      },
      "expected": {
        "outcome": "FAIL",
        "expected_exit_code": 2,
        "expected_reason_codes_any": [
          "FAIL_POLICY_VIOLATION"
        ],
        "expected_reason_codes_all": []
      }
    }
  ]
}
