{
  "schema_version": 1,
  "kind": "evidence_pack_manifest",
  "zip": "FP_EC_0102_DECISION_RECORD_INVALID_JSON.zip",
  "entries": [
    {
      "path": "decision_record.json",
      "sha256": "021fb596db81e6d02bf3d2586ee3981fe519f275c0ac9ca76bbcf2ebb4097d96",
      "bytes": 1
    },
    {
      "path": "evidence_packet.json",
      "sha256": "80f47665f7a7070d2d3b92f5d22bfcf74515afdb3ae4ecd43c07f60dc5962432",
      "bytes": 1210
    },
    {
      "path": "packet.manifest.json",
      "sha256": "83a1030d70aac1e1398a43f61e433567e7e00b8ba6b5243ad1e1f5da27e611d7",
      "bytes": 506
    },
    {
      "path": "sarif/results.sarif",
      "sha256": "1120ed443a2ad4ab4d303ba63488ab79f4d9053c7651f5582f0bbe1ad0dc7bf4",
      "bytes": 156
    },
    {
      "path": "trust_root_bundle.json",
      "sha256": "203d7cac6eede55e388196cb86717d4da9eb63e5f503d518d510c1d0bf673e5f",
      "bytes": 186
    }
  ]
}
