{
  "schema_version": 1,
  "kind": "evidence_pack_manifest",
  "zip": "FP_EC_0104_PACKET_ID_MISMATCH.zip",
  "entries": [
    {
      "path": "decision_record.json",
      "sha256": "c1886d75b649e928f8ee1df196e0092e9e047f0ccc4675429ae4e441b9aa73a5",
      "bytes": 283
    },
    {
      "path": "evidence_packet.json",
      "sha256": "80f47665f7a7070d2d3b92f5d22bfcf74515afdb3ae4ecd43c07f60dc5962432",
      "bytes": 1210
    },
    {
      "path": "packet.manifest.json",
      "sha256": "ca3210090102b13f8f1aa8ec57e231541429d4f4548948c51c065978ddb65a3d",
      "bytes": 551
    },
    {
      "path": "sarif/results.sarif",
      "sha256": "1120ed443a2ad4ab4d303ba63488ab79f4d9053c7651f5582f0bbe1ad0dc7bf4",
      "bytes": 156
    },
    {
      "path": "trust_root_bundle.json",
      "sha256": "203d7cac6eede55e388196cb86717d4da9eb63e5f503d518d510c1d0bf673e5f",
      "bytes": 186
    }
  ]
}
