{
  "schema_version": 1,
  "kind": "evidence_pack_manifest",
  "zip": "FP_EC_0106_TRUST_BUNDLE_EXPIRED.zip",
  "entries": [
    {
      "path": "decision_record.json",
      "sha256": "c1886d75b649e928f8ee1df196e0092e9e047f0ccc4675429ae4e441b9aa73a5",
      "bytes": 283
    },
    {
      "path": "evidence_packet.json",
      "sha256": "80f47665f7a7070d2d3b92f5d22bfcf74515afdb3ae4ecd43c07f60dc5962432",
      "bytes": 1210
    },
    {
      "path": "packet.manifest.json",
      "sha256": "83a1030d70aac1e1398a43f61e433567e7e00b8ba6b5243ad1e1f5da27e611d7",
      "bytes": 506
    },
    {
      "path": "sarif/results.sarif",
      "sha256": "1120ed443a2ad4ab4d303ba63488ab79f4d9053c7651f5582f0bbe1ad0dc7bf4",
      "bytes": 156
    },
    {
      "path": "trust_root_bundle.json",
      "sha256": "9fb520ee88a3ddf104f455d367508c3e56d035666df0993bb7282cd7e8040196",
      "bytes": 237
    }
  ]
}
