{
  "schema_version": 1,
  "kind": "policy_spec_index",
  "version": "v1",
  "policy_relpath": "contracts/policy_spec.md",
  "required_headers": [
    "# Pragmatic Agent Engineering Guidance (PAEG)",
    "Version: v1",
    "Status: NORMATIVE"
  ],
  "required_ids": [
    "PAEG-01",
    "PAEG-02",
    "PAEG-03",
    "PAEG-04",
    "PAEG-05",
    "PAEG-06",
    "PAEG-07",
    "PAEG-08",
    "PAEG-09",
    "PAEG-10",
    "PAEG-11",
    "PAEG-12",
    "PAEG-13",
    "PAEG-14",
    "PAEG-15",
    "PAEG-16",
    "PAEG-17",
    "PAEG-18",
    "PAEG-19",
    "PAEG-20"
  ],
  "min_size_bytes": 1200
}