{
  "$schema": "https://json-schema.org/draft/2020-12/schema",
  "title": "DecisionRecord",
  "type": "object",
  "required": [
    "schema_version",
    "created_utc",
    "decision_id",
    "result",
    "reason_codes",
    "subgraph_digest"
  ],
  "properties": {
    "schema_version": {
      "type": "integer",
      "minimum": 1
    },
    "created_utc": {
      "type": "string"
    },
    "decision_id": {
      "type": "string",
      "pattern": "^[0-9a-f]{64}$"
    },
    "result": {
      "type": "string",
      "enum": [
        "PASS",
        "FAIL"
      ]
    },
    "reason_codes": {
      "type": "array",
      "items": {
        "type": "string"
      }
    },
    "subgraph_digest": {
      "type": "string",
      "pattern": "^[0-9a-f]{64}$"
    }
  }
}
