{
  "$schema": "https://json-schema.org/draft/2020-12/schema",
  "title": "Evidence Packet Manifest (v1)",
  "type": "object",
  "required": [
    "schema_version",
    "kind",
    "zip",
    "entries"
  ],
  "properties": {
    "schema_version": {
      "type": "integer"
    },
    "kind": {
      "type": "string"
    },
    "zip": {
      "type": "string"
    },
    "entries": {
      "type": "array",
      "items": {
        "type": "object",
        "required": [
          "path",
          "sha256",
          "bytes"
        ],
        "properties": {
          "path": {
            "type": "string"
          },
          "sha256": {
            "type": "string",
            "pattern": "^[0-9a-f]{64}$"
          },
          "bytes": {
            "type": "integer",
            "minimum": 0
          }
        }
      }
    }
  }
}
