{
  "$schema": "https://json-schema.org/draft/2020-12/schema",
  "title": "EvidencePacket",
  "type": "object",
  "required": [
    "schema_version",
    "created_utc",
    "packet_id",
    "policy_pack_ref",
    "inputs",
    "decision_record_ref",
    "subgraph_digest",
    "reason_code_taxonomy_ref"
  ],
  "properties": {
    "schema_version": {
      "type": "integer",
      "minimum": 1
    },
    "created_utc": {
      "type": "string"
    },
    "packet_id": {
      "type": "string",
      "pattern": "^[0-9a-f]{64}$"
    },
    "policy_pack_ref": {
      "type": "object",
      "required": [
        "version",
        "sha256"
      ],
      "properties": {
        "version": {
          "type": "string"
        },
        "sha256": {
          "type": "string",
          "pattern": "^[0-9a-f]{64}$"
        }
      }
    },
    "inputs": {
      "type": "array",
      "minItems": 1,
      "items": {
        "type": "object",
        "required": [
          "path",
          "sha256"
        ],
        "properties": {
          "path": {
            "type": "string"
          },
          "sha256": {
            "type": "string",
            "pattern": "^[0-9a-f]{64}$"
          },
          "bytes": {
            "type": "integer",
            "minimum": 0
          }
        }
      }
    },
    "decision_record_ref": {
      "type": "object",
      "required": [
        "path",
        "sha256"
      ],
      "properties": {
        "path": {
          "type": "string"
        },
        "sha256": {
          "type": "string",
          "pattern": "^[0-9a-f]{64}$"
        }
      }
    },
    "subgraph_digest": {
      "type": "string",
      "pattern": "^[0-9a-f]{64}$"
    },
    "reason_code_taxonomy_ref": {
      "type": "object",
      "required": [
        "version"
      ],
      "properties": {
        "version": {
          "type": "string"
        }
      }
    }
  }
}
