{
  "$schema": "https://json-schema.org/draft/2020-12/schema",
  "$id": "urn:vf:schemas:failpack_manifest:2",
  "title": "FailPack Manifest",
  "description": "Defines a deterministic negative-test suite (FailPack) over a PASS base EvidencePack. Each case is a single-change mutation with expected outcome and expected reason codes (any-of semantics).",
  "type": "object",
  "additionalProperties": false,
  "required": [
    "schema_version",
    "kind",
    "created_utc",
    "base_pack",
    "coverage_targets",
    "cases"
  ],
  "properties": {
    "schema_version": {
      "type": "integer",
      "enum": [
        2
      ]
    },
    "kind": {
      "type": "string",
      "const": "failpack_manifest"
    },
    "created_utc": {
      "type": "string",
      "format": "date-time"
    },
    "description": {
      "type": "string",
      "minLength": 1
    },
    "generator": {
      "type": "object",
      "additionalProperties": false,
      "required": [
        "name",
        "version"
      ],
      "properties": {
        "name": {
          "type": "string",
          "minLength": 1
        },
        "version": {
          "type": "string",
          "minLength": 1
        },
        "git_commit": {
          "type": "string",
          "minLength": 7
        },
        "repo_dirty": {
          "type": "boolean"
        },
        "created_utc": {
          "type": "string",
          "format": "date-time"
        }
      }
    },
    "gatetable": {
      "type": "object",
      "additionalProperties": false,
      "properties": {
        "id": {
          "type": "string",
          "minLength": 1
        },
        "version": {
          "type": "string",
          "minLength": 1
        },
        "sha256": {
          "type": "string",
          "pattern": "^[a-f0-9]{64}$"
        }
      }
    },
    "policy": {
      "type": "object",
      "additionalProperties": false,
      "properties": {
        "expected_exit_code_pass": {
          "type": "integer",
          "const": 0
        },
        "expected_exit_code_fail": {
          "type": "integer",
          "const": 2
        },
        "require_single_change_mutation": {
          "type": "boolean",
          "default": true
        },
        "reason_code_ordering": {
          "type": "string",
          "default": "(gate_id, reason_code, rel_path)"
        },
        "reason_code_namespace": {
          "type": "string",
          "enum": [
            "FAIL",
            "RC",
            "MIXED"
          ],
          "default": "MIXED"
        }
      }
    },
    "base_pack": {
      "type": "object",
      "additionalProperties": false,
      "required": [
        "zip_path",
        "zip_sha256",
        "manifest_path",
        "manifest_sha256"
      ],
      "properties": {
        "zip_path": {
          "type": "string",
          "pattern": "^[A-Za-z0-9][A-Za-z0-9._/-]*$"
        },
        "zip_sha256": {
          "type": "string",
          "pattern": "^[a-f0-9]{64}$"
        },
        "zip_sha256_file": {
          "type": "string",
          "pattern": "^[A-Za-z0-9][A-Za-z0-9._/-]*$"
        },
        "manifest_path": {
          "type": "string",
          "pattern": "^[A-Za-z0-9][A-Za-z0-9._/-]*$"
        },
        "manifest_sha256": {
          "type": "string",
          "pattern": "^[a-f0-9]{64}$"
        },
        "manifest_sha256_file": {
          "type": "string",
          "pattern": "^[A-Za-z0-9][A-Za-z0-9._/-]*$"
        },
        "receipt_path": {
          "type": "string",
          "pattern": "^[A-Za-z0-9][A-Za-z0-9._/-]*$"
        },
        "notes": {
          "type": "string"
        }
      }
    },
    "coverage_targets": {
      "type": "array",
      "minItems": 1,
      "items": {
        "type": "object",
        "additionalProperties": false,
        "required": [
          "target_id",
          "required",
          "description"
        ],
        "properties": {
          "target_id": {
            "type": "string",
            "pattern": "^COV_[A-Z0-9_]{3,64}$"
          },
          "required": {
            "type": "boolean"
          },
          "description": {
            "type": "string",
            "minLength": 1
          },
          "gate_id": {
            "type": "string",
            "minLength": 1
          },
          "reason_codes_any": {
            "type": "array",
            "minItems": 1,
            "uniqueItems": true,
            "items": {
              "type": "string",
              "pattern": "^(FAIL_[A-Z0-9_]+|RC-[A-Z0-9-]+)$"
            }
          }
        }
      }
    },
    "cases": {
      "type": "array",
      "minItems": 1,
      "items": {
        "type": "object",
        "additionalProperties": false,
        "required": [
          "case_id",
          "title",
          "covers",
          "mutation",
          "expected"
        ],
        "properties": {
          "case_id": {
            "type": "string",
            "pattern": "^FP_[0-9]{4}_[A-Z0-9_]{3,64}$"
          },
          "title": {
            "type": "string",
            "minLength": 1
          },
          "description": {
            "type": "string"
          },
          "tier": {
            "type": "string",
            "enum": [
              "min",
              "full",
              "nightly"
            ],
            "default": "min"
          },
          "covers": {
            "type": "array",
            "minItems": 1,
            "uniqueItems": true,
            "items": {
              "type": "string",
              "pattern": "^COV_[A-Z0-9_]{3,64}$"
            }
          },
          "target_gate_ids": {
            "type": "array",
            "uniqueItems": true,
            "items": {
              "type": "string",
              "minLength": 1
            }
          },
          "mutation": {
            "type": "object",
            "additionalProperties": false,
            "required": [
              "type"
            ],
            "properties": {
              "type": {
                "type": "string",
                "enum": [
                  "remove_file",
                  "replace_file",
                  "flip_byte",
                  "truncate_file",
                  "append_bytes",
                  "replace_json_value",
                  "corrupt_sha256_file",
                  "swap_sha256_files",
                  "corrupt_manifest_json",
                  "corrupt_manifest_entry",
                  "inject_extra_file"
                ]
              },
              "path": {
                "type": "string",
                "pattern": "^[A-Za-z0-9][A-Za-z0-9._/-]*$"
              },
              "path_kind": {
                "type": "string",
                "enum": [
                  "zip",
                  "manifest",
                  "zip_sha256_file",
                  "manifest_sha256_file",
                  "receipt",
                  "other"
                ]
              },
              "json_pointer": {
                "type": "string",
                "pattern": "^(\\/([^~]|~0|~1)*)*$"
              },
              "new_value": {},
              "byte_offset": {
                "type": "integer",
                "minimum": 0
              },
              "hex_bytes": {
                "type": "string",
                "pattern": "^[0-9a-f]*$"
              },
              "note": {
                "type": "string"
              }
            },
            "allOf": [
              {
                "if": {
                  "properties": {
                    "type": {
                      "const": "replace_json_value"
                    }
                  }
                },
                "then": {
                  "required": [
                    "path",
                    "json_pointer",
                    "new_value"
                  ]
                }
              },
              {
                "if": {
                  "properties": {
                    "type": {
                      "const": "flip_byte"
                    }
                  }
                },
                "then": {
                  "required": [
                    "path",
                    "byte_offset"
                  ]
                }
              }
            ]
          },
          "materialize": {
            "type": "object",
            "additionalProperties": false,
            "properties": {
              "out_dir": {
                "type": "string",
                "pattern": "^[A-Za-z0-9][A-Za-z0-9._/-]*$"
              },
              "mutated_zip_path": {
                "type": "string",
                "pattern": "^[A-Za-z0-9][A-Za-z0-9._/-]*$"
              },
              "mutated_manifest_path": {
                "type": "string",
                "pattern": "^[A-Za-z0-9][A-Za-z0-9._/-]*$"
              },
              "mutated_zip_sha256": {
                "type": "string",
                "pattern": "^[a-f0-9]{64}$"
              },
              "mutated_manifest_sha256": {
                "type": "string",
                "pattern": "^[a-f0-9]{64}$"
              }
            }
          },
          "expected": {
            "type": "object",
            "additionalProperties": false,
            "required": [
              "outcome",
              "expected_exit_code",
              "expected_reason_codes_any"
            ],
            "properties": {
              "outcome": {
                "type": "string",
                "enum": [
                  "PASS",
                  "FAIL"
                ]
              },
              "expected_exit_code": {
                "type": "integer",
                "enum": [
                  0,
                  2
                ]
              },
              "expected_reason_codes_any": {
                "type": "array",
                "minItems": 1,
                "uniqueItems": true,
                "items": {
                  "type": "string",
                  "pattern": "^(FAIL_[A-Z0-9_]+|RC-[A-Z0-9-]+)$"
                }
              },
              "expected_reason_codes_all": {
                "type": "array",
                "uniqueItems": true,
                "items": {
                  "type": "string",
                  "pattern": "^(FAIL_[A-Z0-9_]+|RC-[A-Z0-9-]+)$"
                }
              },
              "expected_reason_ordering": {
                "type": "string"
              }
            }
          }
        }
      }
    }
  }
}