{
  "$schema": "https://json-schema.org/draft/2020-12/schema",
  "title": "Receipt (v1)",
  "type": "object",
  "required": [
    "schema_version",
    "kind",
    "created_utc",
    "status",
    "outputs"
  ],
  "properties": {
    "schema_version": {
      "type": "integer"
    },
    "kind": {
      "type": "string"
    },
    "created_utc": {
      "type": "string"
    },
    "status": {
      "type": "string",
      "enum": [
        "PASS",
        "FAIL"
      ]
    },
    "outputs": {
      "type": "object"
    }
  }
}
