{
  "$schema": "https://json-schema.org/draft/2020-12/schema",
  "title": "TrustRootBundle",
  "type": "object",
  "required": [
    "schema_version",
    "bundle_issued_utc",
    "bundle_expires_utc",
    "max_staleness_days",
    "roots"
  ],
  "properties": {
    "schema_version": {
      "type": "integer",
      "minimum": 1
    },
    "bundle_issued_utc": {
      "type": "string"
    },
    "bundle_expires_utc": {
      "type": "string"
    },
    "max_staleness_days": {
      "type": "integer",
      "minimum": 0
    },
    "roots": {
      "type": "array"
    }
  }
}
