{
  "schema_version": 2,
  "kind": "failpack_manifest",
  "created_utc": "2026-02-23T19:56:30Z",
  "base_pack": {
    "zip_path": "samples/fixtures/pass_packet_min.zip",
    "zip_sha256": "08a8af1f1264bc922552d43acfe25c106549f22fc7f0fd9ece609f845a94d3d8",
    "zip_sha256_file": "samples/fixtures/pass_packet_min.zip.sha256",
    "manifest_path": "samples/fixtures/pass_packet_min.manifest.json",
    "manifest_sha256": "82f97ecb5c8ec74c924fc28b2971d29a9cf42d5d3ded9a51064c25cd9ce9edba",
    "manifest_sha256_file": "samples/fixtures/pass_packet_min.manifest.sha256",
    "notes": "Baseline PASS pack for VERIFY_08C_pack_offline_verify_strict (zip+manifest+sha sidecars). Trust bundle expiry set far-future for time-stable CI."
  },
  "coverage_targets": [
    {
      "target_id": "COV_MISSING_INPUT",
      "required": true,
      "description": "Fail-closed on any missing required sidecar or pack input.",
      "gate_id": "VERIFY_08C_PACK_STRICT",
      "reason_codes_any": [
        "FAIL_MISSING_INPUT"
      ]
    },
    {
      "target_id": "COV_SHA256_MISMATCH",
      "required": true,
      "description": "Detect SHA256 mismatch between computed and expected (zip or manifest).",
      "gate_id": "VERIFY_08C_PACK_STRICT",
      "reason_codes_any": [
        "FAIL_SHA256_MISMATCH"
      ]
    },
    {
      "target_id": "COV_SCHEMA_INVALID",
      "required": true,
      "description": "Fail-closed on invalid JSON or unparsable sha sidecar formats.",
      "gate_id": "VERIFY_08C_PACK_STRICT",
      "reason_codes_any": [
        "FAIL_SCHEMA_INVALID"
      ]
    },
    {
      "target_id": "COV_POLICY_VIOLATION",
      "required": true,
      "description": "Fail-closed on policy-binding violations (e.g., manifest.zip does not match zip leaf).",
      "gate_id": "VERIFY_08C_PACK_STRICT",
      "reason_codes_any": [
        "FAIL_POLICY_VIOLATION"
      ]
    }
  ],
  "cases": [
    {
      "case_id": "FP_0001_MISSING_ZIP_SHA",
      "title": "Missing zip.sha256 sidecar",
      "description": "Remove the .zip.sha256 sidecar. Verifier must fail-closed.",
      "tier": "min",
      "covers": [
        "COV_MISSING_INPUT"
      ],
      "target_gate_ids": [
        "VERIFY_08C_PACK_STRICT"
      ],
      "mutation": {
        "type": "remove_file",
        "path": "samples/fixtures/failpack/mutations/FP_0001_MISSING_ZIP_SHA.zip.sha256",
        "path_kind": "zip_sha256_file",
        "note": "Remove the .zip.sha256 sidecar. Verifier must fail-closed."
      },
      "materialize": {
        "out_dir": "samples/fixtures/failpack/mutations",
        "mutated_zip_path": "samples/fixtures/failpack/mutations/FP_0001_MISSING_ZIP_SHA.zip",
        "mutated_manifest_path": "samples/fixtures/failpack/mutations/FP_0001_MISSING_ZIP_SHA.manifest.json"
      },
      "expected": {
        "outcome": "FAIL",
        "expected_exit_code": 2,
        "expected_reason_codes_any": [
          "FAIL_MISSING_INPUT"
        ],
        "expected_reason_codes_all": []
      }
    },
    {
      "case_id": "FP_0002_MISSING_MANIFEST_JSON",
      "title": "Missing manifest.json",
      "description": "Remove the .manifest.json sidecar. Verifier must fail-closed.",
      "tier": "min",
      "covers": [
        "COV_MISSING_INPUT"
      ],
      "target_gate_ids": [
        "VERIFY_08C_PACK_STRICT"
      ],
      "mutation": {
        "type": "remove_file",
        "path": "samples/fixtures/failpack/mutations/FP_0002_MISSING_MANIFEST_JSON.manifest.json",
        "path_kind": "manifest",
        "note": "Remove the .manifest.json sidecar. Verifier must fail-closed."
      },
      "materialize": {
        "out_dir": "samples/fixtures/failpack/mutations",
        "mutated_zip_path": "samples/fixtures/failpack/mutations/FP_0002_MISSING_MANIFEST_JSON.zip",
        "mutated_manifest_path": "samples/fixtures/failpack/mutations/FP_0002_MISSING_MANIFEST_JSON.manifest.json"
      },
      "expected": {
        "outcome": "FAIL",
        "expected_exit_code": 2,
        "expected_reason_codes_any": [
          "FAIL_MISSING_INPUT"
        ],
        "expected_reason_codes_all": []
      }
    },
    {
      "case_id": "FP_0003_MISSING_MANIFEST_SHA",
      "title": "Missing manifest.sha256 sidecar",
      "description": "Remove the .manifest.sha256 sidecar. Verifier must fail-closed.",
      "tier": "min",
      "covers": [
        "COV_MISSING_INPUT"
      ],
      "target_gate_ids": [
        "VERIFY_08C_PACK_STRICT"
      ],
      "mutation": {
        "type": "remove_file",
        "path": "samples/fixtures/failpack/mutations/FP_0003_MISSING_MANIFEST_SHA.manifest.sha256",
        "path_kind": "manifest_sha256_file",
        "note": "Remove the .manifest.sha256 sidecar. Verifier must fail-closed."
      },
      "materialize": {
        "out_dir": "samples/fixtures/failpack/mutations",
        "mutated_zip_path": "samples/fixtures/failpack/mutations/FP_0003_MISSING_MANIFEST_SHA.zip",
        "mutated_manifest_path": "samples/fixtures/failpack/mutations/FP_0003_MISSING_MANIFEST_SHA.manifest.json"
      },
      "expected": {
        "outcome": "FAIL",
        "expected_exit_code": 2,
        "expected_reason_codes_any": [
          "FAIL_MISSING_INPUT"
        ],
        "expected_reason_codes_all": []
      }
    },
    {
      "case_id": "FP_0004_BAD_ZIP_SHA",
      "title": "Corrupted zip.sha256 digest",
      "description": "Corrupt the .zip.sha256 digest (all zeros). Verifier must detect mismatch.",
      "tier": "min",
      "covers": [
        "COV_SHA256_MISMATCH"
      ],
      "target_gate_ids": [
        "VERIFY_08C_PACK_STRICT"
      ],
      "mutation": {
        "type": "corrupt_sha256_file",
        "path": "samples/fixtures/failpack/mutations/FP_0004_BAD_ZIP_SHA.zip.sha256",
        "path_kind": "zip_sha256_file",
        "note": "Corrupt the .zip.sha256 digest (all zeros). Verifier must detect mismatch."
      },
      "materialize": {
        "out_dir": "samples/fixtures/failpack/mutations",
        "mutated_zip_path": "samples/fixtures/failpack/mutations/FP_0004_BAD_ZIP_SHA.zip",
        "mutated_manifest_path": "samples/fixtures/failpack/mutations/FP_0004_BAD_ZIP_SHA.manifest.json"
      },
      "expected": {
        "outcome": "FAIL",
        "expected_exit_code": 2,
        "expected_reason_codes_any": [
          "FAIL_SHA256_MISMATCH"
        ],
        "expected_reason_codes_all": []
      }
    },
    {
      "case_id": "FP_0005_BAD_MANIFEST_SHA",
      "title": "Corrupted manifest.sha256 digest",
      "description": "Corrupt the .manifest.sha256 digest (all zeros). Verifier must detect mismatch.",
      "tier": "min",
      "covers": [
        "COV_SHA256_MISMATCH"
      ],
      "target_gate_ids": [
        "VERIFY_08C_PACK_STRICT"
      ],
      "mutation": {
        "type": "corrupt_sha256_file",
        "path": "samples/fixtures/failpack/mutations/FP_0005_BAD_MANIFEST_SHA.manifest.sha256",
        "path_kind": "manifest_sha256_file",
        "note": "Corrupt the .manifest.sha256 digest (all zeros). Verifier must detect mismatch."
      },
      "materialize": {
        "out_dir": "samples/fixtures/failpack/mutations",
        "mutated_zip_path": "samples/fixtures/failpack/mutations/FP_0005_BAD_MANIFEST_SHA.zip",
        "mutated_manifest_path": "samples/fixtures/failpack/mutations/FP_0005_BAD_MANIFEST_SHA.manifest.json"
      },
      "expected": {
        "outcome": "FAIL",
        "expected_exit_code": 2,
        "expected_reason_codes_any": [
          "FAIL_SHA256_MISMATCH"
        ],
        "expected_reason_codes_all": []
      }
    },
    {
      "case_id": "FP_0006_CORRUPT_MANIFEST_JSON",
      "title": "Invalid JSON manifest with matching sha",
      "description": "Make manifest.json invalid JSON while keeping manifest.sha256 consistent with the corrupted bytes. Verifier must reject schema.",
      "tier": "min",
      "covers": [
        "COV_SCHEMA_INVALID"
      ],
      "target_gate_ids": [
        "VERIFY_08C_PACK_STRICT"
      ],
      "mutation": {
        "type": "corrupt_manifest_json",
        "path": "samples/fixtures/failpack/mutations/FP_0006_CORRUPT_MANIFEST_JSON.manifest.json",
        "path_kind": "manifest",
        "note": "Make manifest.json invalid JSON while keeping manifest.sha256 consistent with the corrupted bytes. Verifier must reject schema."
      },
      "materialize": {
        "out_dir": "samples/fixtures/failpack/mutations",
        "mutated_zip_path": "samples/fixtures/failpack/mutations/FP_0006_CORRUPT_MANIFEST_JSON.zip",
        "mutated_manifest_path": "samples/fixtures/failpack/mutations/FP_0006_CORRUPT_MANIFEST_JSON.manifest.json"
      },
      "expected": {
        "outcome": "FAIL",
        "expected_exit_code": 2,
        "expected_reason_codes_any": [
          "FAIL_SCHEMA_INVALID"
        ],
        "expected_reason_codes_all": []
      }
    },
    {
      "case_id": "FP_0007_MANIFEST_ZIP_FIELD_MISMATCH",
      "title": "manifest.zip binding violation",
      "description": "Change manifest.zip to a different file name while keeping manifest.sha256 consistent. Verifier must reject policy binding.",
      "tier": "min",
      "covers": [
        "COV_POLICY_VIOLATION"
      ],
      "target_gate_ids": [
        "VERIFY_08C_PACK_STRICT"
      ],
      "mutation": {
        "type": "replace_json_value",
        "path": "samples/fixtures/failpack/mutations/FP_0007_MANIFEST_ZIP_FIELD_MISMATCH.manifest.json",
        "path_kind": "manifest",
        "note": "Change manifest.zip to a different file name while keeping manifest.sha256 consistent. Verifier must reject policy binding.",
        "json_pointer": "/zip",
        "new_value": "some_other_name.zip"
      },
      "materialize": {
        "out_dir": "samples/fixtures/failpack/mutations",
        "mutated_zip_path": "samples/fixtures/failpack/mutations/FP_0007_MANIFEST_ZIP_FIELD_MISMATCH.zip",
        "mutated_manifest_path": "samples/fixtures/failpack/mutations/FP_0007_MANIFEST_ZIP_FIELD_MISMATCH.manifest.json"
      },
      "expected": {
        "outcome": "FAIL",
        "expected_exit_code": 2,
        "expected_reason_codes_any": [
          "FAIL_POLICY_VIOLATION"
        ],
        "expected_reason_codes_all": []
      }
    },
    {
      "case_id": "FP_0008_INVALID_ZIP_SHA_FORMAT",
      "title": "Unparsable zip.sha256 format",
      "description": "Write a non-hex prefix in .zip.sha256 so the digest is unparsable. Verifier must fail-closed.",
      "tier": "min",
      "covers": [
        "COV_SCHEMA_INVALID"
      ],
      "target_gate_ids": [
        "VERIFY_08C_PACK_STRICT"
      ],
      "mutation": {
        "type": "corrupt_sha256_file",
        "path": "samples/fixtures/failpack/mutations/FP_0008_INVALID_ZIP_SHA_FORMAT.zip.sha256",
        "path_kind": "zip_sha256_file",
        "note": "Write a non-hex prefix in .zip.sha256 so the digest is unparsable. Verifier must fail-closed."
      },
      "materialize": {
        "out_dir": "samples/fixtures/failpack/mutations",
        "mutated_zip_path": "samples/fixtures/failpack/mutations/FP_0008_INVALID_ZIP_SHA_FORMAT.zip",
        "mutated_manifest_path": "samples/fixtures/failpack/mutations/FP_0008_INVALID_ZIP_SHA_FORMAT.manifest.json"
      },
      "expected": {
        "outcome": "FAIL",
        "expected_exit_code": 2,
        "expected_reason_codes_any": [
          "FAIL_SCHEMA_INVALID"
        ],
        "expected_reason_codes_all": []
      }
    }
  ]
}
