{
  "schema_version": 1,
  "kind": "EVIDENCE_PACKET_MANIFEST",
  "zip": "FP_0004_BAD_ZIP_SHA.zip",
  "entries": [
    {
      "path": "decision_record.json",
      "sha256": "c1886d75b649e928f8ee1df196e0092e9e047f0ccc4675429ae4e441b9aa73a5",
      "bytes": 283
    },
    {
      "path": "evidence_packet.json",
      "sha256": "89ce7339474d994cae69355053c07fea2defc57a393ad7ead57fad3df4908421",
      "bytes": 1210
    },
    {
      "path": "packet.manifest.json",
      "sha256": "cf400075058236b8a8842e6c7e8b19cdf0f486aee4f4dab42f1972521d340d5c",
      "bytes": 506
    },
    {
      "path": "sarif/results.sarif",
      "sha256": "1120ed443a2ad4ab4d303ba63488ab79f4d9053c7651f5582f0bbe1ad0dc7bf4",
      "bytes": 156
    },
    {
      "path": "trust_root_bundle.json",
      "sha256": "53ac89a9482f2e7522a9e31974521920544de5e5c70344513902091ac37f8230",
      "bytes": 234
    }
  ]
}
